id	nombre	buscar
159	Body deportivo training granate	body deportivo training granate bebé
158	Body deportivo training gris	body deportivo training gris bebé
155	Body deportivo de manga corta training negro	body deportivo training negro bebé
121	Camiseta de manga corta de cuello redondo fútbol verde militar	camiseta de manga corta fútbol verde militar niño
118	Camiseta de manga corta de cuello redondo outdoor blanca	camiseta de manga corta outdoor blanca niño
119	Camiseta de manga corta outdoor granate	camiseta de manga corta outdoor granate niño
116	Camiseta de manga corta outdoor gris	camiseta de manga corta outdoor gris niño
23	Camiseta de manga corta de cuello redondo outdoor negra	camiseta de manga corta outdoor negra mujer
122	Camiseta de manga corta training blanca	camiseta de manga corta training blanca niño
21	Camiseta de manga corta de cuello redondo training gris	camiseta de manga corta training gris mujer
22	Camiseta de manga corta training negra	camiseta de manga corta training negra mujer
44	Camiseta de manga corta training verde militar	camiseta de manga corta training verde militar hombre
120	Camiseta de manga corta fútbol blanca	camiseta fútbol blanca niño
117	Camiseta sin mangas outdoor granate	camiseta outdoor granate niño
124	Camiseta sin mangas outdoor gris	camiseta outdoor gris niño
39	Camiseta de manga corta training gris	camiseta training gris hombre
163	Camiseta sin mangas training negra	camiseta training negra niño
20	Camiseta de manga larga training verde militar	camiseta training verde militar mujer
123	Camiseta técnica de cuello redondo fútbol azul marino	camiseta técnica fútbol azul marino niño
42	Camiseta técnica fútbol blanca	camiseta técnica fútbol blanca hombre
115	Camiseta técnica sin mangas outdoor granate	camiseta técnica outdoor granate niño
41	Camiseta técnica training blanca	camiseta técnica training blanca hombre
38	Camiseta técnica de cuello redondo training gris	camiseta técnica training gris hombre
114	Camiseta técnica de cuello redondo training verde militar	camiseta técnica training verde militar niño
8	Casaca deportiva con cremallera outdoor blanca	casaca deportiva outdoor blanca mujer
45	Casaca deportiva outdoor gris	casaca deportiva outdoor gris hombre
46	Casaca deportiva con cremallera outdoor verde militar	casaca deportiva outdoor verde militar hombre
72	Casaca deportiva running azul marino	casaca deportiva running azul marino niño
68	Casaca deportiva con cremallera running blanca	casaca deportiva running blanca niño
9	Casaca deportiva running granate	casaca deportiva running granate mujer
48	Casaca deportiva running verde militar	casaca deportiva running verde militar hombre
54	Chaqueta de media cremallera térmica outdoor azul marino	chaqueta de media cremallera outdoor azul marino hombre
80	Chaqueta de media cremallera térmica outdoor blanca	chaqueta de media cremallera outdoor blanca niño
51	Chaqueta de media cremallera outdoor gris	chaqueta de media cremallera outdoor gris hombre
11	Chaqueta de media cremallera térmica outdoor gris	chaqueta de media cremallera outdoor gris mujer
78	Chaqueta de media cremallera térmica training azul marino	chaqueta de media cremallera training azul marino niño
52	Chaqueta de media cremallera training granate	chaqueta de media cremallera training granate hombre
81	Chaqueta de media cremallera térmica training granate	chaqueta de media cremallera training granate niño
75	Chaqueta de media cremallera training gris	chaqueta de media cremallera training gris niño
76	Chaqueta de media cremallera training negra	chaqueta de media cremallera training negra niño
82	Chaqueta de media cremallera térmica training negra	chaqueta de media cremallera training negra niño
55	Chaqueta de media cremallera térmica training verde militar	chaqueta de media cremallera training verde militar hombre
49	Chaqueta técnica con capucha outdoor blanca	chaqueta técnica outdoor blanca hombre
66	Chaqueta técnica outdoor verde militar	chaqueta técnica outdoor verde militar niño
71	Chaqueta técnica con capucha running blanca	chaqueta técnica running blanca niño
70	Chaqueta técnica impermeable running verde militar	chaqueta técnica running verde militar niño
74	Chaqueta técnica con capucha running verde militar	chaqueta técnica running verde militar niño
153	Conjunto deportivo training azul marino	conjunto deportivo training azul marino bebé
157	Conjunto deportivo de dos piezas training azul marino	conjunto deportivo training azul marino bebé
160	Conjunto deportivo de dos piezas training blanco	conjunto deportivo training blanco bebé
154	Conjunto deportivo de dos piezas training granate	conjunto deportivo training granate bebé
156	Conjunto deportivo training granate	conjunto deportivo training granate bebé
162	Conjunto deportivo training verde militar	conjunto deportivo training verde militar bebé
67	Cortavientos con capucha outdoor azul marino	cortavientos outdoor azul marino niño
47	Cortavientos con capucha outdoor gris	cortavientos outdoor gris hombre
73	Cortavientos impermeable outdoor gris	cortavientos outdoor gris niño
7	Cortavientos con capucha running blanco	cortavientos running blanco mujer
69	Cortavientos impermeable running negro	cortavientos running negro niño
91	Falda deportiva con short interior training blanca	falda deportiva training blanca niño
83	Falda deportiva training granate	falda deportiva training granate niño
14	Falda deportiva plisada training gris	falda deportiva training gris mujer
13	Falda deportiva con short interior training negra	falda deportiva training negra mujer
151	Falda deportiva yoga blanca	falda deportiva yoga blanca mujer
84	Falda deportiva yoga gris	falda deportiva yoga gris niño
15	Falda-short con malla interior training blanca	falda-short training blanca mujer
88	Falda-short con malla interior training granate	falda-short training granate niño
149	Falda-short con malla interior training gris	falda-short training gris mujer
150	Falda-short con malla interior training negra	falda-short training negra mujer
89	Falda-short con malla interior training verde militar	falda-short training verde militar niño
90	Falda-short training verde militar	falda-short training verde militar niño
85	Falda-short con malla interior yoga blanca	falda-short yoga blanca niño
87	Falda-short yoga blanca	falda-short yoga blanca niño
86	Falda-short yoga verde militar	falda-short yoga verde militar niño
95	Legging de tiro alto outdoor blanco	legging outdoor blanco niño
6	Legging largo training azul marino	legging training azul marino niño
97	Legging de compresión training granate	legging training granate niño
99	Legging de tiro alto training granate	legging training granate niño
1	Legging de tiro alto training gris	legging training gris mujer
94	Legging largo training gris	legging training gris niño
100	Legging de tiro alto yoga azul marino	legging yoga azul marino niño
101	Legging de compresión yoga verde militar	legging yoga verde militar niño
92	Pantalón de entrenamiento holgado outdoor blanco	pantalón de entrenamiento outdoor blanco niño
148	Pantalón de entrenamiento holgado training azul marino	pantalón de entrenamiento training azul marino mujer
93	Pantalón de entrenamiento holgado training gris	pantalón de entrenamiento training gris niño
103	Pantalón de entrenamiento yoga blanco	pantalón de entrenamiento yoga blanco niño
102	Pantalón de entrenamiento holgado yoga gris	pantalón de entrenamiento yoga gris niño
98	Pantalón jogger con puños outdoor blanco	pantalón jogger outdoor blanco niño
34	Pantalón jogger outdoor gris	pantalón jogger outdoor gris hombre
147	Pantalón jogger outdoor verde militar	pantalón jogger outdoor verde militar mujer
96	Pantalón jogger con puños training negro	pantalón jogger training negro niño
5	Pantalón jogger de tiro alto training verde militar	pantalón jogger training verde militar niño
109	Polerón técnico outdoor granate	polerón técnico outdoor granate niño
107	Polerón técnico con capucha outdoor gris	polerón técnico outdoor gris niño
110	Polerón técnico running azul marino	polerón técnico running azul marino niño
56	Polerón técnico running gris	polerón técnico running gris hombre
17	Polerón técnico con capucha running gris	polerón técnico running gris mujer
60	Polerón técnico running negro	polerón técnico running negro hombre
104	Polerón técnico running verde militar	polerón técnico running verde militar niño
113	Polerón técnico training azul marino	polerón técnico training azul marino niño
105	Polerón técnico training negro	polerón técnico training negro niño
27	Short de entrenamiento de secado rápido básquet azul marino	short de entrenamiento básquet azul marino mujer
63	Short de entrenamiento de secado rápido básquet gris	short de entrenamiento básquet gris hombre
152	Short de entrenamiento básquet gris	short de entrenamiento básquet gris mujer
62	Short de entrenamiento de secado rápido fútbol blanco	short de entrenamiento fútbol blanco hombre
127	Short de entrenamiento fútbol granate	short de entrenamiento fútbol granate niño
61	Short de entrenamiento de secado rápido running azul marino	short de entrenamiento running azul marino hombre
26	Short de entrenamiento running azul marino	short de entrenamiento running azul marino mujer
132	Short de entrenamiento de secado rápido training granate	short de entrenamiento training granate niño
135	Short deportivo con bolsillos básquet negro	short deportivo básquet negro niño
128	Short deportivo básquet verde militar	short deportivo básquet verde militar niño
129	Short deportivo fútbol granate	short deportivo fútbol granate niño
65	Short deportivo con bolsillos running gris	short deportivo running gris hombre
64	Short deportivo con bolsillos running verde militar	short deportivo running verde militar hombre
25	Short deportivo training azul marino	short deportivo training azul marino mujer
134	Short deportivo con bolsillos training gris	short deportivo training gris niño
126	Short deportivo training negro	short deportivo training negro niño
24	Short de tiro medio running azul marino	short running azul marino mujer
133	Short con malla interior running azul marino	short running azul marino niño
130	Short running granate	short running granate niño
131	Short de tiro medio training azul marino	short training azul marino niño
125	Short con malla interior training blanco	short training blanco niño
136	Short de tiro medio training blanco	short training blanco niño
59	Sudadera con capucha de algodón outdoor granate	sudadera con capucha outdoor granate hombre
106	Sudadera con capucha running verde militar	sudadera con capucha running verde militar niño
108	Sudadera con capucha training blanca	sudadera con capucha training blanca niño
18	Sudadera con capucha de algodón training granate	sudadera con capucha training granate mujer
112	Sudadera con capucha de algodón training gris	sudadera con capucha training gris niño
58	Sudadera con capucha outdoor blanca	sudadera outdoor blanca hombre
57	Sudadera con cremallera outdoor gris	sudadera outdoor gris hombre
111	Sudadera con cremallera outdoor verde militar	sudadera outdoor verde militar niño
19	Sudadera training granate	sudadera training granate mujer
79	Sudadera térmica outdoor azul marino	sudadera térmica outdoor azul marino niño
50	Sudadera térmica outdoor blanca	sudadera térmica outdoor blanca hombre
53	Sudadera térmica outdoor granate	sudadera térmica outdoor granate hombre
12	Sudadera térmica de cuello alto training granate	sudadera térmica training granate mujer
10	Sudadera térmica de cuello alto training gris	sudadera térmica training gris mujer
77	Sudadera térmica training gris	sudadera térmica training gris niño
140	Vestido de entrenamiento sin mangas training azul marino	vestido de entrenamiento training azul marino niño
145	Vestido de entrenamiento training azul marino	vestido de entrenamiento training azul marino niño
28	Vestido de entrenamiento sin mangas training gris	vestido de entrenamiento training gris mujer
146	Vestido de entrenamiento yoga azul marino	vestido de entrenamiento yoga azul marino niño
141	Vestido de entrenamiento sin mangas yoga blanco	vestido de entrenamiento yoga blanco niño
142	Vestido de entrenamiento yoga blanco	vestido de entrenamiento yoga blanco niño
33	Vestido de entrenamiento sin mangas yoga negro	vestido de entrenamiento yoga negro mujer
29	Vestido de entrenamiento yoga verde militar	vestido de entrenamiento yoga verde militar mujer
32	Vestido deportivo yoga azul marino	vestido deportivo yoga azul marino mujer
137	Vestido deportivo con short interior yoga azul marino	vestido deportivo yoga azul marino niño
143	Vestido deportivo con short interior yoga blanco	vestido deportivo yoga blanco niño
138	Vestido deportivo yoga granate	vestido deportivo yoga granate niño
139	Vestido deportivo yoga gris	vestido deportivo yoga gris niño
31	Vestido deportivo con short interior yoga negro	vestido deportivo yoga negro mujer
30	Vestido deportivo con short interior yoga verde militar	vestido deportivo yoga verde militar mujer
144	Vestido deportivo yoga verde militar	vestido deportivo yoga verde militar niño
